<?xml version="1.0"?>
<?xml-stylesheet type="text/xsl" href="configuration.xsl"?>
<!--
/**
 * Licensed to the Apache Software Foundation (ASF) under one
 * or more contributor license agreements.  See the NOTICE file
 * distributed with this work for additional information
 * regarding copyright ownership.  The ASF licenses this file
 * to you under the Apache License, Version 2.0 (the
 * "License"); you may not use this file except in compliance
 * with the License.  You may obtain a copy of the License at
 *
 *     http://www.apache.org/licenses/LICENSE-2.0
 *
 * Unless required by applicable law or agreed to in writing, software
 * distributed under the License is distributed on an "AS IS" BASIS,
 * WITHOUT WARRANTIES OR CONDITIONS OF ANY KIND, either express or implied.
 * See the License for the specific language governing permissions and
 * limitations under the License.
 */
-->

<configuration>
  <property>
    <name>security.client.protocol.acl</name>
    <value>*</value>
    <description>ACL for ClientProtocol and AdminProtocol implementations (ie. 
    clients talking to HRegionServers)
    The ACL is a comma-separated list of user and group names. The user and 
    group list is separated by a blank. For e.g. "alice,bob users,wheel". 
    A special value of "*" means all users are allowed.</description>
  </property>

  <property>
    <name>security.admin.protocol.acl</name>
    <value>*</value>
    <description>ACL for HMasterInterface protocol implementation (ie. 
    clients talking to HMaster for admin operations).
    The ACL is a comma-separated list of user and group names. The user and 
    group list is separated by a blank. For e.g. "alice,bob users,wheel". 
    A special value of "*" means all users are allowed.</description>
  </property>

  <property>
    <name>security.masterregion.protocol.acl</name>
    <value>*</value>
    <description>ACL for HMasterRegionInterface protocol implementations
    (for HRegionServers communicating with HMaster)
    The ACL is a comma-separated list of user and group names. The user and 
    group list is separated by a blank. For e.g. "alice,bob users,wheel". 
    A special value of "*" means all users are allowed.</description>
  </property>
</configuration>
