<?xml version="1.0" encoding="UTF-8"?>
<metadata modelVersion="1.1.0">
  <groupId>au.gov.acic.dp</groupId>
  <artifactId>support-parent</artifactId>
  <version>development-SNAPSHOT</version>
  <versioning>
    <snapshot>
      <timestamp>20181024.202525</timestamp>
      <buildNumber>105</buildNumber>
    </snapshot>
    <lastUpdated>20181024202525</lastUpdated>
    <snapshotVersions>
      <snapshotVersion>
        <extension>pom</extension>
        <value>development-20181024.202525-105</value>
        <updated>20181024202525</updated>
      </snapshotVersion>
    </snapshotVersions>
  </versioning>
</metadata>
